{
  "BNScale": {
    "0.0": {
      "accuracy": 84.62,
      "loss": 0.5227802840709687,
      "macs": 7301386.0,
      "params": 3015178,
      "size_mb": 11.501991271972656
    },
    "0.2": {
      "accuracy": 83.35,
      "loss": 0.5520481394767761,
      "macs": 6750315.0,
      "params": 2809863,
      "size_mb": 10.71877670288086
    },
    "0.5": {
      "accuracy": 83.09,
      "loss": 0.5624513141155243,
      "macs": 6016542.0,
      "params": 2531274,
      "size_mb": 9.656044006347656
    },
    "0.7": {
      "accuracy": 80.82,
      "loss": 0.6130622686386108,
      "macs": 5563318.0,
      "params": 2348820,
      "size_mb": 8.960037231445312
    }
  },
  "MagnitudeL2": {
    "0.0": {
      "accuracy": 84.62,
      "loss": 0.5227802840709687,
      "macs": 7301386.0,
      "params": 3015178,
      "size_mb": 11.501991271972656
    },
    "0.2": {
      "accuracy": 83.4,
      "loss": 0.5568060317516327,
      "macs": 6750315.0,
      "params": 2809863,
      "size_mb": 10.71877670288086
    },
    "0.5": {
      "accuracy": 82.49,
      "loss": 0.5764162957191468,
      "macs": 6016542.0,
      "params": 2531274,
      "size_mb": 9.656044006347656
    },
    "0.7": {
      "accuracy": 81.01,
      "loss": 0.6087947304725647,
      "macs": 5563318.0,
      "params": 2348820,
      "size_mb": 8.960037231445312
    }
  },
  "Random": {
    "0.0": {
      "accuracy": 84.62,
      "loss": 0.5227802840709687,
      "macs": 7301386.0,
      "params": 3015178,
      "size_mb": 11.501991271972656
    },
    "0.2": {
      "accuracy": 82.92,
      "loss": 0.5559178799629212,
      "macs": 6750315.0,
      "params": 2809863,
      "size_mb": 10.71877670288086
    },
    "0.5": {
      "accuracy": 81.73,
      "loss": 0.5973997491836548,
      "macs": 6016542.0,
      "params": 2531274,
      "size_mb": 9.656044006347656
    },
    "0.7": {
      "accuracy": 81.02,
      "loss": 0.6129628006935119,
      "macs": 5563318.0,
      "params": 2348820,
      "size_mb": 8.960037231445312
    }
  }
}