{
  "BNScale": {
    "0.0": {
      "accuracy": 84.4,
      "loss": 0.5594107620239258,
      "macs": 6840586.0,
      "params": 2554890,
      "size_mb": 9.746131896972656
    },
    "0.2": {
      "accuracy": 83.96,
      "loss": 0.4988738721370697,
      "macs": 6302827.0,
      "params": 2362887,
      "size_mb": 9.01369857788086
    },
    "0.5": {
      "accuracy": 82.08,
      "loss": 0.5365865474700928,
      "macs": 5588510.0,
      "params": 2103754,
      "size_mb": 8.025184631347656
    },
    "0.7": {
      "accuracy": 81.13,
      "loss": 0.5537387300491333,
      "macs": 5148598.0,
      "params": 1934612,
      "size_mb": 7.3799591064453125
    }
  },
  "MagnitudeL2": {
    "0.0": {
      "accuracy": 84.4,
      "loss": 0.5594107620239258,
      "macs": 6840586.0,
      "params": 2554890,
      "size_mb": 9.746131896972656
    },
    "0.2": {
      "accuracy": 83.94,
      "loss": 0.4942592343330383,
      "macs": 6302827.0,
      "params": 2362887,
      "size_mb": 9.01369857788086
    },
    "0.5": {
      "accuracy": 82.78,
      "loss": 0.5142122048377991,
      "macs": 5588510.0,
      "params": 2103754,
      "size_mb": 8.025184631347656
    },
    "0.7": {
      "accuracy": 82.61,
      "loss": 0.5132989392280579,
      "macs": 5148598.0,
      "params": 1934612,
      "size_mb": 7.3799591064453125
    }
  },
  "Random": {
    "0.0": {
      "accuracy": 84.4,
      "loss": 0.5594107620239258,
      "macs": 6840586.0,
      "params": 2554890,
      "size_mb": 9.746131896972656
    },
    "0.2": {
      "accuracy": 83.94,
      "loss": 0.4885172957420349,
      "macs": 6302827.0,
      "params": 2362887,
      "size_mb": 9.01369857788086
    },
    "0.5": {
      "accuracy": 81.32,
      "loss": 0.5459861793994903,
      "macs": 5588510.0,
      "params": 2103754,
      "size_mb": 8.025184631347656
    },
    "0.7": {
      "accuracy": 79.4,
      "loss": 0.588981397151947,
      "macs": 5148598.0,
      "params": 1934612,
      "size_mb": 7.3799591064453125
    }
  }
}