{
  "MagnitudeL2": {
    "0.0": {
      "mse": "243.3793",
      "mae": "11.356868",
      "loss": 243.379306640625,
      "macs": 8872545.0,
      "params": 22593,
      "size_mb": 0.08618545532226562
    },
    "0.2": {
      "mse": "212.96515",
      "mae": "10.729901",
      "loss": 212.96517578125,
      "macs": 8872344.0,
      "params": 22395,
      "size_mb": 0.08543014526367188
    },
    "0.5": {
      "mse": "239.52045",
      "mae": "11.450644",
      "loss": 239.52045288085938,
      "macs": 8872143.0,
      "params": 22197,
      "size_mb": 0.08467483520507812
    },
    "0.7": {
      "mse": "221.92523",
      "mae": "11.04722",
      "loss": 221.92523681640625,
      "macs": 8872009.0,
      "params": 22065,
      "size_mb": 0.08417129516601562
    }
  },
  "Random": {
    "0.0": {
      "mse": "243.3793",
      "mae": "11.356868",
      "loss": 243.379306640625,
      "macs": 8872545.0,
      "params": 22593,
      "size_mb": 0.08618545532226562
    },
    "0.2": {
      "mse": "236.30815",
      "mae": "10.856202",
      "loss": 236.30814453125,
      "macs": 8872344.0,
      "params": 22395,
      "size_mb": 0.08543014526367188
    },
    "0.5": {
      "mse": "213.1841",
      "mae": "10.6615305",
      "loss": 213.18412109375,
      "macs": 8872143.0,
      "params": 22197,
      "size_mb": 0.08467483520507812
    },
    "0.7": {
      "mse": "246.79172",
      "mae": "11.710304",
      "loss": 246.79170166015626,
      "macs": 8872009.0,
      "params": 22065,
      "size_mb": 0.08417129516601562
    }
  }
}