{
  "MagnitudeL2": {
    "0.0": {
      "mse": "182.17612",
      "mae": "9.925113",
      "loss": 182.17607788085937,
      "macs": 37081.0,
      "params": 36961,
      "size_mb": 0.14099502563476562
    },
    "0.2": {
      "mse": "191.92764",
      "mae": "10.244651",
      "loss": 191.9276416015625,
      "macs": 34078.0,
      "params": 33967,
      "size_mb": 0.12957382202148438
    },
    "0.5": {
      "mse": "181.12572",
      "mae": "10.20426",
      "loss": 181.12571166992188,
      "macs": 30130.0,
      "params": 30031,
      "size_mb": 0.11455917358398438
    },
    "0.7": {
      "mse": "186.81654",
      "mae": "9.987535",
      "loss": 186.81655029296874,
      "macs": 27663.0,
      "params": 27572,
      "size_mb": 0.1051788330078125
    }
  },
  "Random": {
    "0.0": {
      "mse": "182.17612",
      "mae": "9.925113",
      "loss": 182.17607788085937,
      "macs": 37081.0,
      "params": 36961,
      "size_mb": 0.14099502563476562
    },
    "0.2": {
      "mse": "173.09698",
      "mae": "9.609165",
      "loss": 173.09698364257812,
      "macs": 34078.0,
      "params": 33967,
      "size_mb": 0.12957382202148438
    },
    "0.5": {
      "mse": "177.08215",
      "mae": "9.869408",
      "loss": 177.0821270751953,
      "macs": 30130.0,
      "params": 30031,
      "size_mb": 0.11455917358398438
    },
    "0.7": {
      "mse": "183.23549",
      "mae": "10.133415",
      "loss": 183.2354672241211,
      "macs": 27663.0,
      "params": 27572,
      "size_mb": 0.1051788330078125
    }
  }
}