{
  "BNScale": {
    "0.0": {
      "accuracy": 85.2,
      "loss": 0.48297921619415285,
      "macs": 6522122.0,
      "params": 2236682,
      "size_mb": 8.532264709472656
    },
    "0.2": {
      "accuracy": 85.59,
      "loss": 0.4406348741531372,
      "macs": 5997155.0,
      "params": 2057471,
      "size_mb": 7.848628997802734
    },
    "0.5": {
      "accuracy": 85.74,
      "loss": 0.4599213757991791,
      "macs": 5301534.0,
      "params": 1817034,
      "size_mb": 6.931434631347656
    },
    "0.7": {
      "accuracy": 85.45,
      "loss": 0.4549479381084442,
      "macs": 4874414.0,
      "params": 1660684,
      "size_mb": 6.3350067138671875
    }
  },
  "MagnitudeL2": {
    "0.0": {
      "accuracy": 85.2,
      "loss": 0.48297921619415285,
      "macs": 6522122.0,
      "params": 2236682,
      "size_mb": 8.532264709472656
    },
    "0.2": {
      "accuracy": 85.95,
      "loss": 0.44134431495666504,
      "macs": 5997155.0,
      "params": 2057471,
      "size_mb": 7.848628997802734
    },
    "0.5": {
      "accuracy": 85.35,
      "loss": 0.4455682156562805,
      "macs": 5301534.0,
      "params": 1817034,
      "size_mb": 6.931434631347656
    },
    "0.7": {
      "accuracy": 85.03,
      "loss": 0.45448226885795595,
      "macs": 4874414.0,
      "params": 1660684,
      "size_mb": 6.3350067138671875
    }
  },
  "Random": {
    "0.0": {
      "accuracy": 85.2,
      "loss": 0.48297921619415285,
      "macs": 6522122.0,
      "params": 2236682,
      "size_mb": 8.532264709472656
    },
    "0.2": {
      "accuracy": 85.89,
      "loss": 0.4417916018486023,
      "macs": 5997155.0,
      "params": 2057471,
      "size_mb": 7.848628997802734
    },
    "0.5": {
      "accuracy": 84.72,
      "loss": 0.4668618036270142,
      "macs": 5301534.0,
      "params": 1817034,
      "size_mb": 6.931434631347656
    },
    "0.7": {
      "accuracy": 84.69,
      "loss": 0.4901909598350525,
      "macs": 4874414.0,
      "params": 1660684,
      "size_mb": 6.3350067138671875
    }
  }
}