{
  "MagnitudeL2": {
    "0.0": {
      "mse": "240.74098",
      "mae": "10.85828",
      "loss": 240.74095153808594,
      "macs": 90448673.0,
      "params": 135777,
      "size_mb": 0.5179481506347656
    },
    "0.2": {
      "mse": "259.91385",
      "mae": "10.914529",
      "loss": 259.9138488769531,
      "macs": 90448143.0,
      "params": 135252,
      "size_mb": 0.5159454345703125
    },
    "0.5": {
      "mse": "243.5741",
      "mae": "10.734754",
      "loss": 243.5740509033203,
      "macs": 90447495.0,
      "params": 134610,
      "size_mb": 0.5134963989257812
    },
    "0.7": {
      "mse": "244.14433",
      "mae": "10.885014",
      "loss": 244.144287109375,
      "macs": 90447177.0,
      "params": 134295,
      "size_mb": 0.5122947692871094
    }
  },
  "Random": {
    "0.0": {
      "mse": "240.74098",
      "mae": "10.85828",
      "loss": 240.74095153808594,
      "macs": 90448673.0,
      "params": 135777,
      "size_mb": 0.5179481506347656
    },
    "0.2": {
      "mse": "252.48918",
      "mae": "10.960515",
      "loss": 252.4891815185547,
      "macs": 90448143.0,
      "params": 135252,
      "size_mb": 0.5159454345703125
    },
    "0.5": {
      "mse": "246.86328",
      "mae": "10.905728",
      "loss": 246.86328125,
      "macs": 90447495.0,
      "params": 134610,
      "size_mb": 0.5134963989257812
    },
    "0.7": {
      "mse": "245.08838",
      "mae": "10.839239",
      "loss": 245.08840942382812,
      "macs": 90447177.0,
      "params": 134295,
      "size_mb": 0.5122947692871094
    }
  }
}