{
  "BNScale": {
    "0.0": {
      "accuracy": 76.31,
      "loss": 0.6910338913917542,
      "macs": 6522122.0,
      "params": 2236682,
      "size_mb": 8.532264709472656
    },
    "0.2": {
      "accuracy": 77.29,
      "loss": 0.6959168899536132,
      "macs": 5997155.0,
      "params": 2057471,
      "size_mb": 7.848628997802734
    },
    "0.5": {
      "accuracy": 75.08,
      "loss": 0.7486408200263978,
      "macs": 5301534.0,
      "params": 1817034,
      "size_mb": 6.931434631347656
    },
    "0.7": {
      "accuracy": 73.78,
      "loss": 0.7686976447105408,
      "macs": 4874414.0,
      "params": 1660684,
      "size_mb": 6.3350067138671875
    }
  },
  "MagnitudeL2": {
    "0.0": {
      "accuracy": 76.31,
      "loss": 0.6910338913917542,
      "macs": 6522122.0,
      "params": 2236682,
      "size_mb": 8.532264709472656
    },
    "0.2": {
      "accuracy": 76.82,
      "loss": 0.6758044461250305,
      "macs": 5997155.0,
      "params": 2057471,
      "size_mb": 7.848628997802734
    },
    "0.5": {
      "accuracy": 76.63,
      "loss": 0.703151547241211,
      "macs": 5301534.0,
      "params": 1817034,
      "size_mb": 6.931434631347656
    },
    "0.7": {
      "accuracy": 75.69,
      "loss": 0.7191948499679566,
      "macs": 4874414.0,
      "params": 1660684,
      "size_mb": 6.3350067138671875
    }
  },
  "Random": {
    "0.0": {
      "accuracy": 76.31,
      "loss": 0.6910338913917542,
      "macs": 6522122.0,
      "params": 2236682,
      "size_mb": 8.532264709472656
    },
    "0.2": {
      "accuracy": 77.13,
      "loss": 0.6882923197269439,
      "macs": 5997155.0,
      "params": 2057471,
      "size_mb": 7.848628997802734
    },
    "0.5": {
      "accuracy": 72.18,
      "loss": 0.825570297908783,
      "macs": 5301534.0,
      "params": 1817034,
      "size_mb": 6.931434631347656
    },
    "0.7": {
      "accuracy": 71.89,
      "loss": 0.8352683498382568,
      "macs": 4874414.0,
      "params": 1660684,
      "size_mb": 6.3350067138671875
    }
  }
}