{
  "MagnitudeL2": {
    "0.0": {
      "mse": "374.99112",
      "mae": "13.938202",
      "loss": 374.9911328125,
      "macs": 15417569.0,
      "params": 60033,
      "size_mb": 0.22900772094726562
    },
    "0.2": {
      "mse": "388.3365",
      "mae": "14.147386",
      "loss": 388.3364904785156,
      "macs": 15416893.0,
      "params": 59365,
      "size_mb": 0.22645950317382812
    },
    "0.5": {
      "mse": "385.83163",
      "mae": "14.087543",
      "loss": 385.83159912109375,
      "macs": 15416155.0,
      "params": 58636,
      "size_mb": 0.2236785888671875
    },
    "0.7": {
      "mse": "384.19745",
      "mae": "14.129655",
      "loss": 384.19746459960936,
      "macs": 15415683.0,
      "params": 58170,
      "size_mb": 0.22190093994140625
    }
  },
  "Random": {
    "0.0": {
      "mse": "374.99112",
      "mae": "13.938202",
      "loss": 374.9911328125,
      "macs": 15417569.0,
      "params": 60033,
      "size_mb": 0.22900772094726562
    },
    "0.2": {
      "mse": "368.49542",
      "mae": "13.75467",
      "loss": 368.49543334960936,
      "macs": 15416893.0,
      "params": 59365,
      "size_mb": 0.22645950317382812
    },
    "0.5": {
      "mse": "371.74176",
      "mae": "13.995693",
      "loss": 371.74175903320315,
      "macs": 15416155.0,
      "params": 58636,
      "size_mb": 0.2236785888671875
    },
    "0.7": {
      "mse": "384.44666",
      "mae": "14.101439",
      "loss": 384.44660034179685,
      "macs": 15415683.0,
      "params": 58170,
      "size_mb": 0.22190093994140625
    }
  }
}