{
  "BNScale": {
    "0.0": {
      "accuracy": 78.16,
      "loss": 0.6429575807571412,
      "macs": 37181962.0,
      "params": 11181642,
      "size_mb": 42.654579162597656
    },
    "0.2": {
      "accuracy": 78.26,
      "loss": 0.6394552810668945,
      "macs": 34042426.0,
      "params": 10265033,
      "size_mb": 39.15799331665039
    },
    "0.5": {
      "accuracy": 78.37,
      "loss": 0.6680717227935791,
      "macs": 30087414.0,
      "params": 9025198,
      "size_mb": 34.42839813232422
    },
    "0.7": {
      "accuracy": 77.14,
      "loss": 0.6888211161613464,
      "macs": 27771490.0,
      "params": 8260845,
      "size_mb": 31.512622833251953
    }
  },
  "MagnitudeL2": {
    "0.0": {
      "accuracy": 78.16,
      "loss": 0.6429575807571412,
      "macs": 37181962.0,
      "params": 11181642,
      "size_mb": 42.654579162597656
    },
    "0.2": {
      "accuracy": 79.13,
      "loss": 0.6297686729431152,
      "macs": 34042426.0,
      "params": 10265033,
      "size_mb": 39.15799331665039
    },
    "0.5": {
      "accuracy": 77.92,
      "loss": 0.6399342315673828,
      "macs": 30087414.0,
      "params": 9025198,
      "size_mb": 34.42839813232422
    },
    "0.7": {
      "accuracy": 78.07,
      "loss": 0.666954220199585,
      "macs": 27771490.0,
      "params": 8260845,
      "size_mb": 31.512622833251953
    }
  },
  "Random": {
    "0.0": {
      "accuracy": 78.16,
      "loss": 0.6429575807571412,
      "macs": 37181962.0,
      "params": 11181642,
      "size_mb": 42.654579162597656
    },
    "0.2": {
      "accuracy": 78.39,
      "loss": 0.6415995730400086,
      "macs": 34042426.0,
      "params": 10265033,
      "size_mb": 39.15799331665039
    },
    "0.5": {
      "accuracy": 77.9,
      "loss": 0.6531357929229736,
      "macs": 30087414.0,
      "params": 9025198,
      "size_mb": 34.42839813232422
    },
    "0.7": {
      "accuracy": 77.76,
      "loss": 0.6774899061203002,
      "macs": 27771490.0,
      "params": 8260845,
      "size_mb": 31.512622833251953
    }
  }
}