{
  "MagnitudeL2": {
    "0.0": {
      "mse": "205.94391",
      "mae": "10.498218",
      "loss": 205.94390869140625,
      "macs": 90448673.0,
      "params": 135777,
      "size_mb": 0.5179481506347656
    },
    "0.2": {
      "mse": "207.09956",
      "mae": "10.536286",
      "loss": 207.0995330810547,
      "macs": 90448143.0,
      "params": 135252,
      "size_mb": 0.5159454345703125
    },
    "0.5": {
      "mse": "222.3718",
      "mae": "10.769143",
      "loss": 222.37176513671875,
      "macs": 90447495.0,
      "params": 134610,
      "size_mb": 0.5134963989257812
    },
    "0.7": {
      "mse": "217.26646",
      "mae": "10.731907",
      "loss": 217.2664337158203,
      "macs": 90447177.0,
      "params": 134295,
      "size_mb": 0.5122947692871094
    }
  },
  "Random": {
    "0.0": {
      "mse": "205.94391",
      "mae": "10.498218",
      "loss": 205.94390869140625,
      "macs": 90448673.0,
      "params": 135777,
      "size_mb": 0.5179481506347656
    },
    "0.2": {
      "mse": "204.05537",
      "mae": "10.452505",
      "loss": 204.0553436279297,
      "macs": 90448143.0,
      "params": 135252,
      "size_mb": 0.5159454345703125
    },
    "0.5": {
      "mse": "217.27463",
      "mae": "10.665339",
      "loss": 217.27464294433594,
      "macs": 90447495.0,
      "params": 134610,
      "size_mb": 0.5134963989257812
    },
    "0.7": {
      "mse": "218.69582",
      "mae": "10.682529",
      "loss": 218.69581604003906,
      "macs": 90447177.0,
      "params": 134295,
      "size_mb": 0.5122947692871094
    }
  }
}