{
  "MagnitudeL2": {
    "0.0": {
      "mse": "433.82138",
      "mae": "12.923956",
      "loss": 433.8213195800781,
      "macs": 221121.0,
      "params": 220673,
      "size_mb": 0.8418006896972656
    },
    "0.2": {
      "mse": "420.27292",
      "mae": "12.738098",
      "loss": 420.27294921875,
      "macs": 209750.0,
      "params": 209322,
      "size_mb": 0.7985000610351562
    },
    "0.5": {
      "mse": "412.44003",
      "mae": "12.720333",
      "loss": 412.4400329589844,
      "macs": 194867.0,
      "params": 194465,
      "size_mb": 0.7418251037597656
    },
    "0.7": {
      "mse": "431.24005",
      "mae": "12.879938",
      "loss": 431.239990234375,
      "macs": 185076.0,
      "params": 184691,
      "size_mb": 0.7045402526855469
    }
  },
  "Random": {
    "0.0": {
      "mse": "433.82138",
      "mae": "12.923956",
      "loss": 433.8213195800781,
      "macs": 221121.0,
      "params": 220673,
      "size_mb": 0.8418006896972656
    },
    "0.2": {
      "mse": "417.10306",
      "mae": "12.720035",
      "loss": 417.10302734375,
      "macs": 209750.0,
      "params": 209322,
      "size_mb": 0.7985000610351562
    },
    "0.5": {
      "mse": "432.05283",
      "mae": "12.864651",
      "loss": 432.05279541015625,
      "macs": 194867.0,
      "params": 194465,
      "size_mb": 0.7418251037597656
    },
    "0.7": {
      "mse": "429.26544",
      "mae": "13.016249",
      "loss": 429.2654113769531,
      "macs": 185076.0,
      "params": 184691,
      "size_mb": 0.7045402526855469
    }
  }
}