{
  "MagnitudeL2": {
    "0.0": {
      "mse": "1732.9398",
      "mae": "37.11204",
      "loss": 1732.939697265625,
      "macs": 90448673.0,
      "params": 135777,
      "size_mb": 0.5179481506347656
    },
    "0.2": {
      "mse": "215.62418",
      "mae": "10.731816",
      "loss": 215.6241912841797,
      "macs": 90448143.0,
      "params": 135252,
      "size_mb": 0.5159454345703125
    },
    "0.5": {
      "mse": "277.97556",
      "mae": "11.660352",
      "loss": 277.9755554199219,
      "macs": 90447495.0,
      "params": 134610,
      "size_mb": 0.5134963989257812
    },
    "0.7": {
      "mse": "225.80852",
      "mae": "11.069267",
      "loss": 225.8085174560547,
      "macs": 90447177.0,
      "params": 134295,
      "size_mb": 0.5122947692871094
    }
  },
  "Random": {
    "0.0": {
      "mse": "1732.9398",
      "mae": "37.11204",
      "loss": 1732.939697265625,
      "macs": 90448673.0,
      "params": 135777,
      "size_mb": 0.5179481506347656
    },
    "0.2": {
      "mse": "214.12187",
      "mae": "10.685931",
      "loss": 214.1218719482422,
      "macs": 90448143.0,
      "params": 135252,
      "size_mb": 0.5159454345703125
    },
    "0.5": {
      "mse": "228.96706",
      "mae": "10.959865",
      "loss": 228.96702575683594,
      "macs": 90447495.0,
      "params": 134610,
      "size_mb": 0.5134963989257812
    },
    "0.7": {
      "mse": "235.93965",
      "mae": "11.381334",
      "loss": 235.93963623046875,
      "macs": 90447177.0,
      "params": 134295,
      "size_mb": 0.5122947692871094
    }
  }
}