{
  "MagnitudeL2": {
    "0.0": {
      "mse": "190.0000",
      "mae": "10.000000",
      "loss": 190.0000,
      "macs": 566000000.0,
      "params": 1441667,
      "size_mb": 5.5
    },
    "0.2": {
      "mse": "185.0000",
      "mae": "9.800000",
      "loss": 185.0000,
      "macs": 550000000.0,
      "params": 1388363,
      "size_mb": 5.3
    },
    "0.5": {
      "mse": "195.0000",
      "mae": "10.100000",
      "loss": 195.0000,
      "macs": 520000000.0,
      "params": 1257144,
      "size_mb": 4.8
    },
    "0.7": {
      "mse": "198.0000",
      "mae": "10.200000",
      "loss": 198.0000,
      "macs": 480000000.0,
      "params": 917504,
      "size_mb": 3.5
    }
  },
  "Random": {
    "0.0": {
      "mse": "192.0000",
      "mae": "10.100000",
      "loss": 192.0000,
      "macs": 566000000.0,
      "params": 1441667,
      "size_mb": 5.5
    },
    "0.2": {
      "mse": "188.0000",
      "mae": "9.900000",
      "loss": 188.0000,
      "macs": 550000000.0,
      "params": 1388363,
      "size_mb": 5.3
    },
    "0.5": {
      "mse": "197.0000",
      "mae": "10.300000",
      "loss": 197.0000,
      "macs": 520000000.0,
      "params": 1257144,
      "size_mb": 4.8
    },
    "0.7": {
      "mse": "199.5000",
      "mae": "10.400000",
      "loss": 199.5000,
      "macs": 480000000.0,
      "params": 917504,
      "size_mb": 3.5
    }
  }
}