{
  "MagnitudeL2": {
    "0.0": {
      "mse": "211.02899",
      "mae": "10.547359",
      "loss": 211.02898651123047,
      "macs": 818657.0,
      "params": 816897,
      "size_mb": 3.1162147521972656
    },
    "0.2": {
      "mse": "176.45906",
      "mae": "9.9604225",
      "loss": 176.4590637207031,
      "macs": 724199.0,
      "params": 722561,
      "size_mb": 2.7563514709472656
    },
    "0.5": {
      "mse": "183.78586",
      "mae": "10.309955",
      "loss": 183.78585510253907,
      "macs": 596977.0,
      "params": 595514,
      "size_mb": 2.2717056274414062
    },
    "0.7": {
      "mse": "180.09695",
      "mae": "9.906724",
      "loss": 180.09697387695311,
      "macs": 519081.0,
      "params": 517734,
      "size_mb": 1.9749984741210938
    }
  },
  "Random": {
    "0.0": {
      "mse": "211.02899",
      "mae": "10.547359",
      "loss": 211.02898651123047,
      "macs": 818657.0,
      "params": 816897,
      "size_mb": 3.1162147521972656
    },
    "0.2": {
      "mse": "178.73488",
      "mae": "10.05197",
      "loss": 178.7349072265625,
      "macs": 724199.0,
      "params": 722561,
      "size_mb": 2.7563514709472656
    },
    "0.5": {
      "mse": "179.34723",
      "mae": "9.735214",
      "loss": 179.3472235107422,
      "macs": 596977.0,
      "params": 595514,
      "size_mb": 2.2717056274414062
    },
    "0.7": {
      "mse": "190.7428",
      "mae": "10.698337",
      "loss": 190.74279388427735,
      "macs": 519081.0,
      "params": 517734,
      "size_mb": 1.9749984741210938
    }
  }
}