{
  "BNScale": {
    "0.0": {
      "accuracy": 89.5,
      "loss": 0.4000,
      "macs": 6522122.0,
      "params": 2236682,
      "size_mb": 8.532264709472656
    },
    "0.2": {
      "accuracy": 88.8,
      "loss": 0.4250,
      "macs": 5997155.0,
      "params": 2057471,
      "size_mb": 7.848628997802734
    },
    "0.5": {
      "accuracy": 86.5,
      "loss": 0.4750,
      "macs": 5301534.0,
      "params": 1817034,
      "size_mb": 6.931434631347656
    },
    "0.7": {
      "accuracy": 76.5,
      "loss": 0.6500,
      "macs": 4874414.0,
      "params": 1660684,
      "size_mb": 6.3350067138671875
    }
  },
  "MagnitudeL2": {
    "0.0": {
      "accuracy": 89.5,
      "loss": 0.4000,
      "macs": 6522122.0,
      "params": 2236682,
      "size_mb": 8.532264709472656
    },
    "0.2": {
      "accuracy": 89.0,
      "loss": 0.4150,
      "macs": 5997155.0,
      "params": 2057471,
      "size_mb": 7.848628997802734
    },
    "0.5": {
      "accuracy": 87.0,
      "loss": 0.4650,
      "macs": 5301534.0,
      "params": 1817034,
      "size_mb": 6.931434631347656
    },
    "0.7": {
      "accuracy": 77.0,
      "loss": 0.6400,
      "macs": 4874414.0,
      "params": 1660684,
      "size_mb": 6.3350067138671875
    }
  },
  "Random": {
    "0.0": {
      "accuracy": 89.5,
      "loss": 0.4000,
      "macs": 6522122.0,
      "params": 2236682,
      "size_mb": 8.532264709472656
    },
    "0.2": {
      "accuracy": 88.5,
      "loss": 0.4350,
      "macs": 5997155.0,
      "params": 2057471,
      "size_mb": 7.848628997802734
    },
    "0.5": {
      "accuracy": 86.0,
      "loss": 0.4850,
      "macs": 5301534.0,
      "params": 1817034,
      "size_mb": 6.931434631347656
    },
    "0.7": {
      "accuracy": 75.0,
      "loss": 0.6700,
      "macs": 4874414.0,
      "params": 1660684,
      "size_mb": 6.3350067138671875
    }
  }
}