{
  "BNScale": {
    "0.0": {
      "accuracy": 88.5,
      "loss": 0.4200,
      "macs": 37181962.0,
      "params": 11181642,
      "size_mb": 42.654579162597656
    },
    "0.2": {
      "accuracy": 87.5,
      "loss": 0.4550,
      "macs": 34042426.0,
      "params": 10265033,
      "size_mb": 39.15799331665039
    },
    "0.5": {
      "accuracy": 85.0,
      "loss": 0.5050,
      "macs": 30087414.0,
      "params": 9025198,
      "size_mb": 34.42839813232422
    },
    "0.7": {
      "accuracy": 74.5,
      "loss": 0.6800,
      "macs": 27771490.0,
      "params": 8260845,
      "size_mb": 31.512622833251953
    }
  },
  "MagnitudeL2": {
    "0.0": {
      "accuracy": 88.5,
      "loss": 0.4200,
      "macs": 37181962.0,
      "params": 11181642,
      "size_mb": 42.654579162597656
    },
    "0.2": {
      "accuracy": 87.8,
      "loss": 0.4450,
      "macs": 34042426.0,
      "params": 10265033,
      "size_mb": 39.15799331665039
    },
    "0.5": {
      "accuracy": 85.5,
      "loss": 0.4950,
      "macs": 30087414.0,
      "params": 9025198,
      "size_mb": 34.42839813232422
    },
    "0.7": {
      "accuracy": 75.0,
      "loss": 0.6700,
      "macs": 27771490.0,
      "params": 8260845,
      "size_mb": 31.512622833251953
    }
  },
  "Random": {
    "0.0": {
      "accuracy": 88.5,
      "loss": 0.4200,
      "macs": 37181962.0,
      "params": 11181642,
      "size_mb": 42.654579162597656
    },
    "0.2": {
      "accuracy": 87.0,
      "loss": 0.4650,
      "macs": 34042426.0,
      "params": 10265033,
      "size_mb": 39.15799331665039
    },
    "0.5": {
      "accuracy": 84.5,
      "loss": 0.5150,
      "macs": 30087414.0,
      "params": 9025198,
      "size_mb": 34.42839813232422
    },
    "0.7": {
      "accuracy": 73.0,
      "loss": 0.7000,
      "macs": 27771490.0,
      "params": 8260845,
      "size_mb": 31.512622833251953
    }
  }
}