{
  "BNScale": {
    "0.0": {
      "accuracy": 83.56,
      "loss": 0.516827490234375,
      "macs": 37181962.0,
      "params": 11181642,
      "size_mb": 42.654579162597656
    },
    "0.2": {
      "accuracy": 84.13,
      "loss": 0.5212369818687439,
      "macs": 34042426.0,
      "params": 10265033,
      "size_mb": 39.15799331665039
    },
    "0.5": {
      "accuracy": 83.36,
      "loss": 0.5426223256111145,
      "macs": 30087414.0,
      "params": 9025198,
      "size_mb": 34.42839813232422
    },
    "0.7": {
      "accuracy": 83.08,
      "loss": 0.5276694909095764,
      "macs": 27771490.0,
      "params": 8260845,
      "size_mb": 31.512622833251953
    }
  },
  "MagnitudeL2": {
    "0.0": {
      "accuracy": 83.56,
      "loss": 0.516827490234375,
      "macs": 37181962.0,
      "params": 11181642,
      "size_mb": 42.654579162597656
    },
    "0.2": {
      "accuracy": 84.26,
      "loss": 0.5354515304565429,
      "macs": 34042426.0,
      "params": 10265033,
      "size_mb": 39.15799331665039
    },
    "0.5": {
      "accuracy": 83.64,
      "loss": 0.5350507568359375,
      "macs": 30087414.0,
      "params": 9025198,
      "size_mb": 34.42839813232422
    },
    "0.7": {
      "accuracy": 83.6,
      "loss": 0.5166058867454529,
      "macs": 27771490.0,
      "params": 8260845,
      "size_mb": 31.512622833251953
    }
  },
  "Random": {
    "0.0": {
      "accuracy": 83.56,
      "loss": 0.516827490234375,
      "macs": 37181962.0,
      "params": 11181642,
      "size_mb": 42.654579162597656
    },
    "0.2": {
      "accuracy": 83.48,
      "loss": 0.5431428899765015,
      "macs": 34042426.0,
      "params": 10265033,
      "size_mb": 39.15799331665039
    },
    "0.5": {
      "accuracy": 82.45,
      "loss": 0.5388511562347412,
      "macs": 30087414.0,
      "params": 9025198,
      "size_mb": 34.42839813232422
    },
    "0.7": {
      "accuracy": 83.34,
      "loss": 0.5480703991889954,
      "macs": 27771490.0,
      "params": 8260845,
      "size_mb": 31.512622833251953
    }
  }
}