{
  "BNScale": {
    "0.0": {
      "accuracy": 78.91,
      "loss": 0.6370178897857666,
      "macs": 37181962.0,
      "params": 11181642,
      "size_mb": 42.654579162597656
    },
    "0.2": {
      "accuracy": 79.16,
      "loss": 0.6480512845993042,
      "macs": 34042426.0,
      "params": 10265033,
      "size_mb": 39.15799331665039
    },
    "0.5": {
      "accuracy": 77.43,
      "loss": 0.6726275825500488,
      "macs": 30087414.0,
      "params": 9025198,
      "size_mb": 34.42839813232422
    },
    "0.7": {
      "accuracy": 76.47,
      "loss": 0.6919172374725342,
      "macs": 27771490.0,
      "params": 8260845,
      "size_mb": 31.512622833251953
    }
  },
  "MagnitudeL2": {
    "0.0": {
      "accuracy": 78.91,
      "loss": 0.6370178897857666,
      "macs": 37181962.0,
      "params": 11181642,
      "size_mb": 42.654579162597656
    },
    "0.2": {
      "accuracy": 79.16,
      "loss": 0.6664403848648072,
      "macs": 34042426.0,
      "params": 10265033,
      "size_mb": 39.15799331665039
    },
    "0.5": {
      "accuracy": 79.02,
      "loss": 0.6463607896804809,
      "macs": 30087414.0,
      "params": 9025198,
      "size_mb": 34.42839813232422
    },
    "0.7": {
      "accuracy": 79.07,
      "loss": 0.6256351712226867,
      "macs": 27771490.0,
      "params": 8260845,
      "size_mb": 31.512622833251953
    }
  },
  "Random": {
    "0.0": {
      "accuracy": 78.91,
      "loss": 0.6370178897857666,
      "macs": 37181962.0,
      "params": 11181642,
      "size_mb": 42.654579162597656
    },
    "0.2": {
      "accuracy": 79.44,
      "loss": 0.6418215089797974,
      "macs": 34042426.0,
      "params": 10265033,
      "size_mb": 39.15799331665039
    },
    "0.5": {
      "accuracy": 77.85,
      "loss": 0.6706635038375854,
      "macs": 30087414.0,
      "params": 9025198,
      "size_mb": 34.42839813232422
    },
    "0.7": {
      "accuracy": 76.55,
      "loss": 0.6782081827163696,
      "macs": 27771490.0,
      "params": 8260845,
      "size_mb": 31.512622833251953
    }
  }
}