{
  "BNScale": {
    "0.0": {
      "accuracy": 77.14,
      "loss": 0.6815879502296448,
      "macs": 6522122.0,
      "params": 2236682,
      "size_mb": 8.532264709472656
    },
    "0.2": {
      "accuracy": 76.67,
      "loss": 0.6920434149742126,
      "macs": 5997155.0,
      "params": 2057471,
      "size_mb": 7.848628997802734
    },
    "0.5": {
      "accuracy": 74.44,
      "loss": 0.7671189414978027,
      "macs": 5301534.0,
      "params": 1817034,
      "size_mb": 6.931434631347656
    },
    "0.7": {
      "accuracy": 73.07,
      "loss": 0.779113791847229,
      "macs": 4874414.0,
      "params": 1660684,
      "size_mb": 6.3350067138671875
    }
  },
  "MagnitudeL2": {
    "0.0": {
      "accuracy": 77.14,
      "loss": 0.6815879502296448,
      "macs": 6522122.0,
      "params": 2236682,
      "size_mb": 8.532264709472656
    },
    "0.2": {
      "accuracy": 76.91,
      "loss": 0.6875007454872132,
      "macs": 5997155.0,
      "params": 2057471,
      "size_mb": 7.848628997802734
    },
    "0.5": {
      "accuracy": 76.54,
      "loss": 0.7192602666854858,
      "macs": 5301534.0,
      "params": 1817034,
      "size_mb": 6.931434631347656
    },
    "0.7": {
      "accuracy": 75.58,
      "loss": 0.7366041965484619,
      "macs": 4874414.0,
      "params": 1660684,
      "size_mb": 6.3350067138671875
    }
  },
  "Random": {
    "0.0": {
      "accuracy": 77.14,
      "loss": 0.6815879502296448,
      "macs": 6522122.0,
      "params": 2236682,
      "size_mb": 8.532264709472656
    },
    "0.2": {
      "accuracy": 76.99,
      "loss": 0.7033560360908508,
      "macs": 5997155.0,
      "params": 2057471,
      "size_mb": 7.848628997802734
    },
    "0.5": {
      "accuracy": 71.65,
      "loss": 0.8316479298591614,
      "macs": 5301534.0,
      "params": 1817034,
      "size_mb": 6.931434631347656
    },
    "0.7": {
      "accuracy": 69.8,
      "loss": 0.8812552141189576,
      "macs": 4874414.0,
      "params": 1660684,
      "size_mb": 6.3350067138671875
    }
  }
}