{
  "MagnitudeL2": {
    "0.0": {
      "mse": "280.68655",
      "mae": "12.405308",
      "loss": 280.68652709960935,
      "macs": 3932061.0,
      "params": 9801,
      "size_mb": 0.037387847900390625
    },
    "0.2": {
      "mse": "280.3451",
      "mae": "12.072933",
      "loss": 280.3451272583008,
      "macs": 3931975.0,
      "params": 9717,
      "size_mb": 0.037067413330078125
    },
    "0.5": {
      "mse": "303.22107",
      "mae": "12.685566",
      "loss": 303.2210931396484,
      "macs": 3931889.0,
      "params": 9633,
      "size_mb": 0.036746978759765625
    },
    "0.7": {
      "mse": "288.81036",
      "mae": "12.524753",
      "loss": 288.810378112793,
      "macs": 3931846.0,
      "params": 9591,
      "size_mb": 0.036586761474609375
    }
  },
  "Random": {
    "0.0": {
      "mse": "280.68655",
      "mae": "12.405308",
      "loss": 280.68652709960935,
      "macs": 3932061.0,
      "params": 9801,
      "size_mb": 0.037387847900390625
    },
    "0.2": {
      "mse": "312.69724",
      "mae": "13.0254345",
      "loss": 312.6972180175781,
      "macs": 3931975.0,
      "params": 9717,
      "size_mb": 0.037067413330078125
    },
    "0.5": {
      "mse": "300.03513",
      "mae": "12.55725",
      "loss": 300.0351135253906,
      "macs": 3931889.0,
      "params": 9633,
      "size_mb": 0.036746978759765625
    },
    "0.7": {
      "mse": "283.3842",
      "mae": "12.451003",
      "loss": 283.384158782959,
      "macs": 3931846.0,
      "params": 9591,
      "size_mb": 0.036586761474609375
    }
  }
}