{
  "MagnitudeL2": {
    "0.0": {
      "mse": "461.4669",
      "mae": "13.372702",
      "loss": 461.4668908691406,
      "macs": 75351.0,
      "params": 75201,
      "size_mb": 0.2868690490722656
    },
    "0.2": {
      "mse": "457.3734",
      "mae": "13.34038",
      "loss": 457.3733953857422,
      "macs": 72145.0,
      "params": 72001,
      "size_mb": 0.2746620178222656
    },
    "0.5": {
      "mse": "444.4272",
      "mae": "13.407493",
      "loss": 444.4271533203125,
      "macs": 67366.0,
      "params": 67231,
      "size_mb": 0.2564659118652344
    },
    "0.7": {
      "mse": "457.4501",
      "mae": "13.201245",
      "loss": 457.450087890625,
      "macs": 64200.0,
      "params": 64071,
      "size_mb": 0.24441146850585938
    }
  },
  "Random": {
    "0.0": {
      "mse": "461.4669",
      "mae": "13.372702",
      "loss": 461.4668908691406,
      "macs": 75351.0,
      "params": 75201,
      "size_mb": 0.2868690490722656
    },
    "0.2": {
      "mse": "479.2254",
      "mae": "13.475629",
      "loss": 479.22534912109376,
      "macs": 72145.0,
      "params": 72001,
      "size_mb": 0.2746620178222656
    },
    "0.5": {
      "mse": "460.84402",
      "mae": "13.269009",
      "loss": 460.84401428222657,
      "macs": 67366.0,
      "params": 67231,
      "size_mb": 0.2564659118652344
    },
    "0.7": {
      "mse": "445.99457",
      "mae": "13.265714",
      "loss": 445.9945922851563,
      "macs": 64200.0,
      "params": 64071,
      "size_mb": 0.24441146850585938
    }
  }
}