{
"train_losses": [0.20075059067124448, 0.1561923511373951, 0.13738746934420312, 0.12421677106172037, 0.10336611255267374, 0.09423877816835462, 0.09233013218592691, 0.08040517196654702, 0.08253415791577448, 0.07084236884920779],
"test_accuracies": [75.39, 75.94, 75.82, 76.37, 76.68, 76.0, 76.95, 76.26, 76.69, 76.64]
}