{
  "MagnitudeL2": {
    "0.0": {
      "mse": "438.4442",
      "mae": "12.947578",
      "loss": 438.44427490234375,
      "macs": 221121.0,
      "params": 220673,
      "size_mb": 0.8418006896972656
    },
    "0.2": {
      "mse": "426.83707",
      "mae": "12.788965",
      "loss": 426.83709716796875,
      "macs": 209750.0,
      "params": 209322,
      "size_mb": 0.7985000610351562
    },
    "0.5": {
      "mse": "433.2457",
      "mae": "12.909772",
      "loss": 433.2457275390625,
      "macs": 194867.0,
      "params": 194465,
      "size_mb": 0.7418251037597656
    },
    "0.7": {
      "mse": "444.2571",
      "mae": "12.977915",
      "loss": 444.25714111328125,
      "macs": 185076.0,
      "params": 184691,
      "size_mb": 0.7045402526855469
    }
  },
  "Random": {
    "0.0": {
      "mse": "438.4442",
      "mae": "12.947578",
      "loss": 438.44427490234375,
      "macs": 221121.0,
      "params": 220673,
      "size_mb": 0.8418006896972656
    },
    "0.2": {
      "mse": "438.64337",
      "mae": "12.971979",
      "loss": 438.6433410644531,
      "macs": 209750.0,
      "params": 209322,
      "size_mb": 0.7985000610351562
    },
    "0.5": {
      "mse": "437.1931",
      "mae": "12.907788",
      "loss": 437.1932067871094,
      "macs": 194867.0,
      "params": 194465,
      "size_mb": 0.7418251037597656
    },
    "0.7": {
      "mse": "438.26202",
      "mae": "12.945623",
      "loss": 438.2619934082031,
      "macs": 185076.0,
      "params": 184691,
      "size_mb": 0.7045402526855469
    }
  }
}