{
  "MagnitudeL2": {
    "0.0": {
      "mse": "526.91626",
      "mae": "14.07012",
      "loss": 526.916259765625,
      "macs": 221121.0,
      "params": 220673,
      "size_mb": 0.8418006896972656
    },
    "0.2": {
      "mse": "500.92932",
      "mae": "13.592303",
      "loss": 500.9292907714844,
      "macs": 209750.0,
      "params": 209322,
      "size_mb": 0.7985000610351562
    },
    "0.5": {
      "mse": "507.94257",
      "mae": "13.651311",
      "loss": 507.9425964355469,
      "macs": 194867.0,
      "params": 194465,
      "size_mb": 0.7418251037597656
    },
    "0.7": {
      "mse": "507.88394",
      "mae": "13.654976",
      "loss": 507.8838806152344,
      "macs": 185076.0,
      "params": 184691,
      "size_mb": 0.7045402526855469
    }
  },
  "Random": {
    "0.0": {
      "mse": "526.91626",
      "mae": "14.07012",
      "loss": 526.916259765625,
      "macs": 221121.0,
      "params": 220673,
      "size_mb": 0.8418006896972656
    },
    "0.2": {
      "mse": "511.7395",
      "mae": "13.6916065",
      "loss": 511.73944091796875,
      "macs": 209750.0,
      "params": 209322,
      "size_mb": 0.7985000610351562
    },
    "0.5": {
      "mse": "515.4786",
      "mae": "13.698348",
      "loss": 515.4786376953125,
      "macs": 194867.0,
      "params": 194465,
      "size_mb": 0.7418251037597656
    },
    "0.7": {
      "mse": "523.72894",
      "mae": "13.927965",
      "loss": 523.7289428710938,
      "macs": 185076.0,
      "params": 184691,
      "size_mb": 0.7045402526855469
    }
  }
}