{
  "BNScale": {
    "0.0": {
      "accuracy": 84.84,
      "loss": 0.5173084927558899,
      "macs": 7301386.0,
      "params": 3015178,
      "size_mb": 11.501991271972656
    },
    "0.2": {
      "accuracy": 82.89,
      "loss": 0.5647667490005494,
      "macs": 6750315.0,
      "params": 2809863,
      "size_mb": 10.71877670288086
    },
    "0.5": {
      "accuracy": 79.36,
      "loss": 0.654542478466034,
      "macs": 6016542.0,
      "params": 2531274,
      "size_mb": 9.656044006347656
    },
    "0.7": {
      "accuracy": 75.95,
      "loss": 0.7502268172264099,
      "macs": 5563318.0,
      "params": 2348820,
      "size_mb": 8.960037231445312
    }
  },
  "MagnitudeL2": {
    "0.0": {
      "accuracy": 84.84,
      "loss": 0.5173084927558899,
      "macs": 7301386.0,
      "params": 3015178,
      "size_mb": 11.501991271972656
    },
    "0.2": {
      "accuracy": 83.4,
      "loss": 0.5485488051891327,
      "macs": 6750315.0,
      "params": 2809863,
      "size_mb": 10.71877670288086
    },
    "0.5": {
      "accuracy": 81.85,
      "loss": 0.5988895592689514,
      "macs": 6016542.0,
      "params": 2531274,
      "size_mb": 9.656044006347656
    },
    "0.7": {
      "accuracy": 79.45,
      "loss": 0.6496085970878601,
      "macs": 5563318.0,
      "params": 2348820,
      "size_mb": 8.960037231445312
    }
  },
  "Random": {
    "0.0": {
      "accuracy": 84.84,
      "loss": 0.5173084927558899,
      "macs": 7301386.0,
      "params": 3015178,
      "size_mb": 11.501991271972656
    },
    "0.2": {
      "accuracy": 82.63,
      "loss": 0.577519073009491,
      "macs": 6750315.0,
      "params": 2809863,
      "size_mb": 10.71877670288086
    },
    "0.5": {
      "accuracy": 79.07,
      "loss": 0.6553997051239013,
      "macs": 6016542.0,
      "params": 2531274,
      "size_mb": 9.656044006347656
    },
    "0.7": {
      "accuracy": 74.47,
      "loss": 0.7902146270275116,
      "macs": 5563318.0,
      "params": 2348820,
      "size_mb": 8.960037231445312
    }
  }
}