{
  "MagnitudeL2": {
    "0.0": {
      "mse": "1222.4604",
      "mae": "27.897215",
      "loss": 1222.46046875,
      "macs": 193751.0,
      "params": 193401,
      "size_mb": 0.7377662658691406
    },
    "0.2": {
      "mse": "1833.04",
      "mae": "34.554996",
      "loss": 1833.039970703125,
      "macs": 185041.0,
      "params": 184705,
      "size_mb": 0.7045936584472656
    },
    "0.5": {
      "mse": "2064.0493",
      "mae": "37.189316",
      "loss": 2064.049189453125,
      "macs": 172126.0,
      "params": 171811,
      "size_mb": 0.6554069519042969
    },
    "0.7": {
      "mse": "2009.1235",
      "mae": "35.852547",
      "loss": 2009.123544921875,
      "macs": 163616.0,
      "params": 163315,
      "size_mb": 0.6229972839355469
    }
  },
  "Random": {
    "0.0": {
      "mse": "1222.4604",
      "mae": "27.897215",
      "loss": 1222.46046875,
      "macs": 193751.0,
      "params": 193401,
      "size_mb": 0.7377662658691406
    },
    "0.2": {
      "mse": "1964.8778",
      "mae": "36.178524",
      "loss": 1964.8780078125,
      "macs": 185041.0,
      "params": 184705,
      "size_mb": 0.7045936584472656
    },
    "0.5": {
      "mse": "1800.6658",
      "mae": "34.129337",
      "loss": 1800.665791015625,
      "macs": 172126.0,
      "params": 171811,
      "size_mb": 0.6554069519042969
    },
    "0.7": {
      "mse": "1956.5391",
      "mae": "35.415924",
      "loss": 1956.539111328125,
      "macs": 163616.0,
      "params": 163315,
      "size_mb": 0.6229972839355469
    }
  }
}